Name,name,skill,blurb
Seize,Seize,seize,The husk's grip: a rooting strike.
Marrow Spit,Marrow Spit,marrow_spit,The spitter's ranged bile.
Pounce,Pounce,grave_bite,The hound's lunging bite.
Ironhide,Ironhide,warden_ironhide,The warden's self-shield.
Sap,Sap,mite_sap,The mite's leeching sting.
Piper's Gift,Piper's Gift,piper_gift,The piper's gift of action.
Sexton's Toll,Sexton's Toll,sexton_smash,The keeper's crushing toll.
Blood Pact,Blood Pact,blood_pact,"Temple exclusive: trade blood for action (1 AP + 10 HP → +3 AP, once a turn)."
Blink,Blink,blink,"Temple exclusive: a 2-cell escape leap, once a fight."
